<?xml version="1.0" encoding="UTF-8"?>
<project-private xmlns="http://www.netbeans.org/ns/project-private/1">
    <editor-bookmarks xmlns="http://www.netbeans.org/ns/editor-bookmarks/2" lastBookmarkId="0"/>
    <open-files xmlns="http://www.netbeans.org/ns/projectui-open-files/2">
        <group>
            <file>file:/C:/Users/sadun%20kumara/Documents/NetBeansProjects/PDSA_DoctorAppoinment/src/pdsa_doctorappoinment/Appointment.java</file>
            <file>file:/C:/Users/sadun%20kumara/Documents/NetBeansProjects/PDSA_DoctorAppoinment/src/pdsa_doctorappoinment/Home.java</file>
            <file>file:/C:/Users/sadun%20kumara/Documents/NetBeansProjects/PDSA_DoctorAppoinment/src/pdsa_doctorappoinment/Login.java</file>
            <file>file:/C:/Users/sadun%20kumara/Documents/NetBeansProjects/PDSA_DoctorAppoinment/src/pdsa_doctorappoinment/SignUp.java</file>
            <file>file:/C:/Users/sadun%20kumara/Documents/NetBeansProjects/PDSA_DoctorAppoinment/src/pdsa_doctorappoinment/DoctorQueue.java</file>
            <file>file:/C:/Users/sadun%20kumara/Documents/NetBeansProjects/PDSA_DoctorAppoinment/src/pdsa_doctorappoinment/Node.java</file>
            <file>file:/C:/Users/sadun%20kumara/Documents/NetBeansProjects/PDSA_DoctorAppoinment/src/pdsa_doctorappoinment/AppointQueue.java</file>
            <file>file:/C:/Users/sadun%20kumara/Documents/NetBeansProjects/PDSA_DoctorAppoinment/src/pdsa_doctorappoinment/Doctor.java</file>
            <file>file:/C:/Users/sadun%20kumara/Documents/NetBeansProjects/PDSA_DoctorAppoinment/src/pdsa_doctorappoinment/Loging.java</file>
            <file>file:/C:/Users/sadun%20kumara/Documents/NetBeansProjects/PDSA_DoctorAppoinment/src/pdsa_doctorappoinment/ANode.java</file>
            <file>file:/C:/Users/sadun%20kumara/Documents/NetBeansProjects/PDSA_DoctorAppoinment/src/pdsa_doctorappoinment/PatientQueue.java</file>
            <file>file:/C:/Users/sadun%20kumara/Documents/NetBeansProjects/PDSA_DoctorAppoinment/src/pdsa_doctorappoinment/Patient.java</file>
            <file>file:/C:/Users/sadun%20kumara/Documents/NetBeansProjects/PDSA_DoctorAppoinment/src/pdsa_doctorappoinment/DNode.java</file>
            <file>file:/C:/Users/sadun%20kumara/Documents/NetBeansProjects/PDSA_DoctorAppoinment/src/pdsa_doctorappoinment/PDSA_DoctorAppoinment.java</file>
        </group>
    </open-files>
</project-private>
